cycle,item,value
J,merged_rows,4383.0
J,age_20_59,3247.0
J,complete_case,2119.0
J,wmean_effective_osm,285.36
J,wsd_effective_osm,5.207
J,wmean_urea_osm,4.882
J,wsd_urea_osm,1.518
J,wmean_calc_osm,290.241
J,wsd_calc_osm,5.487
J,wmean_fat_pct,33.089
J,wsd_fat_pct,8.482
J,wmean_fmi,9.945
J,wsd_fmi,4.361
J,wmean_BMXBMI,28.951
J,wsd_BMXBMI,6.693
J,wmean_eGFR,103.099
J,wsd_eGFR,17.297
H,merged_rows,5194.0
H,age_20_59,3803.0
H,complete_case,2988.0
H,wmean_effective_osm,284.793
H,wsd_effective_osm,4.253
H,wmean_urea_osm,4.348
H,wsd_urea_osm,1.488
H,wmean_calc_osm,289.141
H,wsd_calc_osm,4.61
H,wmean_fat_pct,33.1
H,wsd_fat_pct,8.164
H,wmean_fmi,9.848
H,wsd_fmi,4.291
H,wmean_BMXBMI,28.684
H,wsd_BMXBMI,6.677
H,wmean_eGFR,101.954
H,wsd_eGFR,17.33
