cycle,model,outcome,term,beta,se,p,ci_low,ci_high,n,n_clusters
J,PRIMARY_decomposed,fat_pct,effective_osm,-0.04834591217832996,0.040088442955396625,0.22782470441556335,-0.12691781656719578,0.030225992210535867,2119,30
J,PRIMARY_decomposed,fat_pct,urea_osm,-0.18253893534834964,0.11040197082611393,0.0982488992885309,-0.3989228219897747,0.03384495129307541,2119,30
J,sec_fmi,fmi,effective_osm,-0.02802241878432263,0.024376242683381257,0.2503172761472541,-0.0757989765221579,0.019754138953512638,2119,30
J,sec_fmi,fmi,urea_osm,-0.021947686441317893,0.06570178798078022,0.7383417812039367,-0.15072082460353373,0.10682545172089794,2119,30
J,sec_bmi,BMXBMI,effective_osm,-0.0607705921925951,0.03877209218832022,0.11702595417595002,-0.1367624964869695,0.015221312101779301,2119,30
J,sec_bmi,BMXBMI,urea_osm,0.09278361699469459,0.12229581452673641,0.4480428860903831,-0.14691177493769914,0.3324790089270883,2119,30
J,sec_total_osm_only,fat_pct,calc_osm,-0.056294294009642545,0.040782720370652746,0.16747991863077782,-0.13622695712768995,0.023638369108404847,2119,30
J,sec_split_na_glu,fat_pct,LBXSNASI,-0.08875118964405943,0.07930193792353504,0.263073861712539,-0.2441801318784192,0.06667775259030034,2119,30
J,sec_split_na_glu,fat_pct,LBXSGL,-0.010171375046512962,0.008683776237702927,0.24147506776801353,-0.027191263722215434,0.006848513629189508,2119,30
J,sec_split_na_glu,fat_pct,urea_osm,-0.18335259188563824,0.11111445271386017,0.09891763821485265,-0.401132917366683,0.034427733595406546,2119,30
J,sens_TG_le_400,fat_pct,effective_osm,-0.05490254509420981,0.03970346305535931,0.16672159202358583,-0.13271990274423068,0.02291481255581105,2042,30
J,sens_TG_le_400,fat_pct,urea_osm,-0.1744174169475877,0.1119690152671474,0.11929742930019323,-0.3938726542556121,0.04503782036043669,2042,30
J,sens_eGFR_ge_60,fat_pct,effective_osm,-0.05464586705874206,0.04041303318902827,0.17631638016521833,-0.13385395661525937,0.02456222249777524,2086,30
J,sens_eGFR_ge_60,fat_pct,urea_osm,-0.26642952314221435,0.13093945478386834,0.04187567494321086,-0.5230661386739072,-0.00979290761052154,2086,30
J,sens_women,fat_pct,effective_osm,-0.10355819762385444,0.0637589933287716,0.10433031786160335,-0.22852352823877634,0.021407132991067446,1117,30
J,sens_women,fat_pct,urea_osm,-0.3347339186724445,0.233569815493947,0.15182312510240611,-0.7925223449162462,0.12305450757135711,1117,30
J,sens_men,fat_pct,effective_osm,0.010449554380681271,0.04591751860026686,0.8199787721996874,-0.07954712833528982,0.10044623709665235,1002,30
J,sens_men,fat_pct,urea_osm,-0.09801902886922001,0.12951817765340035,0.449171210181608,-0.3518699924131451,0.1558319346747051,1002,30
H,PRIMARY_decomposed,fat_pct,effective_osm,-0.01008810661532936,0.03301289260822457,0.7599238298838105,-0.07479218715293809,0.054615973922279376,2988,30
H,PRIMARY_decomposed,fat_pct,urea_osm,-0.07817456245801804,0.13885012403960265,0.573425357035683,-0.3503158048245584,0.19396667990852232,2988,30
H,sec_fmi,fmi,effective_osm,0.005040387160382581,0.022112715414320156,0.8196923649904649,-0.03829973865206862,0.048380512972833786,2988,30
H,sec_fmi,fmi,urea_osm,-0.053585324691584474,0.0924942540985451,0.5623619428882465,-0.23487073150162915,0.1277000821184602,2988,30
H,sec_bmi,BMXBMI,effective_osm,0.01446268195667121,0.035293488364193853,0.6819649213888386,-0.0547112841259322,0.08363664803927462,2988,30
H,sec_bmi,BMXBMI,urea_osm,-0.08829673698466484,0.13990337282432233,0.5279577640622548,-0.3625023090360163,0.18590883506668665,2988,30
H,sec_total_osm_only,fat_pct,calc_osm,-0.016846412136269487,0.03363631995059224,0.616483781090842,-0.08277238781189637,0.0490795635393574,2988,30
H,sec_split_na_glu,fat_pct,LBXSNASI,-0.05627124188745569,0.061698503081157326,0.36174988692300347,-0.1771980858265576,0.06465560205164622,2988,30
H,sec_split_na_glu,fat_pct,LBXSGL,0.014821959539389246,0.0076980046521897775,0.05417574066410107,-0.0002658523317245025,0.029909771410502994,2988,30
H,sec_split_na_glu,fat_pct,urea_osm,-0.06597133002352057,0.13724467594830914,0.6307410515243044,-0.33496595195207707,0.20302329190503593,2988,30
H,sens_TG_le_400,fat_pct,effective_osm,0.002936098667143725,0.03329930359966337,0.9297391963864536,-0.06232933709846146,0.06820153443274891,2865,30
H,sens_TG_le_400,fat_pct,urea_osm,-0.09389562547347358,0.14197302046913415,0.5083798971061569,-0.3721576323693444,0.18436638142239725,2865,30
H,sens_eGFR_ge_60,fat_pct,effective_osm,-0.00753124951389791,0.03495338862250607,0.8294044038466778,-0.0760386323516419,0.060976133323846084,2941,30
H,sens_eGFR_ge_60,fat_pct,urea_osm,-0.1745429526073437,0.15992943566474094,0.27510800522961265,-0.48799888657805157,0.13891298136336416,2941,30
H,sens_women,fat_pct,effective_osm,0.025367080661692392,0.048195108099398885,0.5986510232291471,-0.06909359544414408,0.11982775676752887,1519,30
H,sens_women,fat_pct,urea_osm,0.005653965392959084,0.1947180815662931,0.9768353415541068,-0.375986461615708,0.38729439240162616,1519,30
H,sens_men,fat_pct,effective_osm,-0.0373400525636079,0.04378559473072454,0.39377405736538296,-0.12315824127749478,0.04847813615027897,1469,30
H,sens_men,fat_pct,urea_osm,-0.15641646198878,0.16235593698516185,0.33533832236458894,-0.47462825115595175,0.16179532717839173,1469,30
